Product Name,Price
Pennzoil Platinum Full Synthetic 0W-20 Motor Oil, 5 Quart,$23.78
Pennzoil Platinum Full Synthetic 5W-30 Motor Oil, 5 Quart,$23.92
Pennzoil Platinum Full Synthetic 0W-16 Motor Oil, 5 Quart,$26.44
Castrol GTX High Mileage 5W-30 Synthetic Blend Motor Oil, 5 Quarts,$22.96
Mobil 1 Advanced Fuel Economy Full Synthetic Motor Oil 0W-20, 5 Quart,$24.97
Super Tech High Mileage Full Synthetic SAE 5W-30 Motor Oil, 5 Quarts,$18.64
Pennzoil Platinum Full Synthetic 0W-20 Motor Oil, 5 Quart,$23.78
Mobil 1 Extended Performance Full Synthetic Motor Oil 5W-30, 5 Quart,$26.97
N/A,N/A
Mobil 1 Extended Performance Full Synthetic Motor Oil 0W-20, 5 Quart,$26.97
Mobil 1 Extended Performance High Mileage Full Synthetic Motor Oil 0W-20, 5 Quart,$26.97
Pennzoil Platinum High Mileage Full Synthetic 5W-20 Motor Oil, 5 Quart,$23.92
Pennzoil Platinum Full Synthetic 5W-20 Gasoline Engine Oil, 5 Quart,$23.92
Super Tech Full Synthetic SAE 0W-20 Motor Oil, 5 Quarts,$18.64
Super Tech High Mileage Full Synthetic SAE 5W-20 Motor Oil, 5 Quarts,$18.64
Mobil 1 Advanced Full Synthetic Motor Oil 5W-20, 5 Quart,$24.97
N/A,N/A
Pennzoil Platinum Full Synthetic 5W-30 Motor Oil, 5 Quart,$23.92
Super Tech Full Synthetic SAE 5W-20 Motor Oil, 5 Quarts,$18.64
Pennzoil Platinum High Mileage Full Synthetic 0W-20 Gasoline Engine Oil, 5 Quart,$23.92
Mobil 1 High Mileage Full Synthetic Motor Oil 5W-30, 5 Quart,$24.97
Castrol EDGE Euro 5W-40 A3/B4 Advanced Full Synthetic Motor Oil, 5 Quarts,$24.72
Valvoline Advanced Full Synthetic Motor Oil SAE 0W-20,$26.97
Castrol EDGE 0W-20 Advanced Full Synthetic Motor Oil, 5 Quarts,$24.72
Super Tech High Mileage Full Synthetic SAE 5W-30 Motor Oil, 1 Quart,$4.98
Mobil 1 Advanced Fuel Economy Full Synthetic Motor Oil 0W-16, 5 Quart,$24.97
Mobil 1 FS European Car Formula Full Synthetic Motor Oil 0W-40, 5 Quart,$24.97
Mobil 1 Advanced Full Synthetic Motor Oil 5W-30, 5 Quart,$24.97
Valvoline High Mileage with MaxLife Technology Motor Oil SAE 5W-20,$19.97
Castrol GTX High Mileage 5W-30 Synthetic Blend Motor Oil, 5 Quarts,$22.96
Super Tech High Mileage Full Synthetic SAE 5W-20 Motor Oil, 1 Quart,$4.98
Pennzoil Platinum High Mileage Full Synthetic 5W-20 Motor Oil, 1 Quart,$7.48
Pennzoil Platinum High Mileage Full Synthetic 5W-30 Motor Oil, 5 Quart,$23.92
Valvoline High Mileage with MaxLife Technology SAE 5W-30 Synthetic Blend Motor Oil 5 QT,$19.97
Mobil 1 High Mileage Full Synthetic Motor Oil 10W-30, 5 Quart,$24.97
Castrol EDGE 5W-30 Advanced Full Synthetic Motor Oil, 5 Quarts,$24.72
Super Tech High Mileage Full Synthetic SAE 0W-20 Motor Oil, 5 Quarts,$18.64
Quaker State All Mileage 10W-30 Gasoline Engine Oil, 1 Quart,$4.86
Castrol EDGE Euro 5W-40 A3/B4 Advanced Full Synthetic Motor Oil, 5 Quarts,$24.72
Mobil 1 High Mileage Full Synthetic Motor Oil 5W-20, 5 Quart,$24.97
Shell Rotella T6 15W-40 Diesel Engine Oil, 1 Gallon,$23.52
Castrol EDGE High Mileage 5W-30 Advanced Full Synthetic Motor Oil, 5 Quarts,$24.72
Super Tech All Mileage Synthetic Blend Motor Oil SAE 5W-30, 5 Quarts,$17.36
Motorcraft Synthetic Blend Motor Oil, 5W-20 - A premium-quality motor oil specifically developed for Ford Motor Company vehicles, 5 quart jug, sold by each,$25.82
Super Tech High Mileage Full Synthetic SAE 0W-20 Motor Oil, 1 Quart,$4.98
Valvoline Advanced Full Synthetic Motor Oil SAE 0W-20,$26.97
Mobil 1 Advanced Fuel Economy Full Synthetic Motor Oil 0W-20, 1 Quart,$8.78
Mobil 1 Extended Performance High Mileage Full Synthetic Motor Oil 5W-20, 5 Quart,$26.97
Super Tech Full Synthetic SAE 5W-30 Motor Oil, 5 Quarts,$18.64
Mobil 1 ESP Full Synthetic Motor Oil 0W-30, 5 Quart,$27.97
Castrol EDGE Euro 5W-30 A3/B4 European Advanced Full Synthetic Motor Oil, 5 Quarts,$24.72
Pennzoil Platinum Full Synthetic 0W-20 Motor Oil, 5 Quart,$23.78
Pennzoil Platinum Full Synthetic 5W-30 Motor Oil, 5 Quart,$23.92
Valvoline 4-Stroke ATV/UTV SAE 10W-40 Motor Oil 1 QT,$6.47
Pennzoil Platinum Full Synthetic 0W-16 Motor Oil, 5 Quart,$26.44
Pennzoil Platinum Full Synthetic 0W-16 Motor Oil, 5 Quart,$26.44
Pennzoil Platinum High Mileage Full Synthetic 5W-30 Motor Oil, 5 Quart,$23.92
Castrol GTX High Mileage 5W-20 Synthetic Blend Motor Oil, 5 Quarts,$22.96
Valvoline Full Synthetic High Mileage with MaxLife Technology Motor Oil SAE 10W-30,$26.97
Pennzoil Platinum High Mileage Full Synthetic 5W-20 Motor Oil, 5 Quart,$23.92
Chevron Havoline High Mileage Synthetic Technology Motor Oil 5W-30, 6 Quart Smart Change Box,$20.68
Valvoline Advanced Full Synthetic Motor Oil SAE 0W-20,$26.97
Castrol GTX High Mileage 5W-30 Synthetic Blend Motor Oil, 5 Quarts,$22.96
N/A,N/A
Super Tech Heavy Duty SAE 15W-40 Motor Oil, 2 Gallons,$25.84
Quaker State High Mileage Full Synthetic 5W-20 Gasoline Engine Oil, 5 Quart,$21.48
Quaker State High Mileage 5W-20 Gasoline Engine Oil, 5 Quart,$18.82
Shell Rotella T6 10W-30 Diesel Engine Oil, 1 Gallon,$26.13
Mobil 1 Extended Performance High Mileage Full Synthetic Motor Oil 5W-30, 5 Quart,$26.97
Super Tech All Mileage Synthetic Blend Motor Oil SAE 5W-30, 1 Quart,$4.48
Quaker State Full Synthetic 5W-30 Gasoline Engine Oil, 5 Quart,$22.97
Pennzoil Platinum Full Synthetic 0W-20 Gasoline Engine Oil, 1 Quart,$7.48
Pennzoil Platinum High Mileage Full Synthetic 5W-20 Motor Oil, 5 Quart,$23.92
Castrol EDGE 0W-20 Advanced Full Synthetic Motor Oil, 5 Quarts,$24.72
Super Tech All Mileage Synthetic Blend Motor Oil SAE 5W-20, 5 Quarts,$17.36
Shell Rotella T4 Triple Protection 15W-40 Diesel Engine Oil, 1 Gallon,$15.98
Mobil 1 High Mileage Full Synthetic Motor Oil 0W-20, 5 Quart,$24.97
Castrol EDGE High Mileage 0W-20 Advanced Full Synthetic Motor Oil, 5 Quarts,$24.72
Valvoline Advanced Full Synthetic Motor Oil SAE 5W-30,$26.97
Mobil 1 FS European Car Formula Full Synthetic Motor Oil 0W-40, 1 Quart,$8.78
Quaker State High Mileage Full Synthetic Dexos 5W-30 Gasoline Engine Oil, 5 Quart,$22.97
Shell Rotella T6 5W-40 Diesel Engine Oil, 1 Gallon,$23.52
Castrol EDGE Euro 5W-40 A3/B4 Advanced Full Synthetic Motor Oil, 5 Quarts,$24.72
Pennzoil Platinum High Mileage Full Synthetic 5W-20 Motor Oil, 1 Quart,$7.48
Castrol EDGE High Mileage 5W-20 Advanced Full Synthetic Motor Oil, 5 Quarts,$24.72
Pennzoil Ultra Platinum Full Synthetic 0W-20 Gasoline Engine Oil, 5 Quart,$29.44
Castrol GTX Full Synthetic 0W-20 Motor Oil, 5 Quarts,$23.96
Mobil 1 Advanced Fuel Economy Full Synthetic Motor Oil 0W-30, 5 Quart,$24.97
Valvoline Restore & Protect Full Synthetic 0W-20 Motor Oil 5 QT,$29.97
Shell Rotella T5 15W-40 Diesel Engine Oil, 1 Gallon,$21.11
Mobil 1 FS European Car Formula Full Synthetic Motor Oil 5W-40, 5 Quart,$24.97
Valvoline Full Synthetic High Mileage with MaxLife Technology Motor Oil SAE 5W-30,$26.97
Valvoline Full Synthetic High Mileage with MaxLife Technology Motor Oil SAE 0W-20,$26.97
Valvoline Full Synthetic High Mileage with MaxLife Technology Motor Oil SAE 5W-20,$26.97
Super Tech Advanced Full Synthetic Motor Oil SAE 0W-20, 5 Quarts,$19.98
Valvoline High Mileage with MaxLife Technology Motor Oil SAE 10W-30,$19.97
Mobil 1 FS European Car Formula Full Synthetic Motor Oil 0W-40, 12 Quart,$59.00
Castrol GTX Full Synthetic 5W-30 Motor Oil, 5 Quarts,$23.96
Castrol GTX 10W-30 Conventional Motor Oil, 5 Quarts,$22.96
Super Tech Full Synthetic SAE 0W-20 Motor Oil, 1 Quart,$4.98
Valvoline Restore  Protect Full Synthetic Motor Oil SAE 5W-30,$29.97
Castrol EDGE Extended Performance 0W-20 Advanced Full Synthetic Motor Oil, 5 Quarts,$29.48
Pennzoil Platinum Full Synthetic 0W-20 Motor Oil, 5 Quart,$23.78
Pennzoil Platinum Full Synthetic 5W-30 Motor Oil, 5 Quart,$23.92
Pennzoil Platinum Full Synthetic 0W-16 Motor Oil, 5 Quart,$26.44
Castrol GTX High Mileage 5W-30 Synthetic Blend Motor Oil, 5 Quarts,$22.96
Castrol GTX High Mileage 10W-40 Synthetic Blend Motor Oil, 5 Quarts,$22.96
Super Tech All Mileage Synthetic Blend Motor Oil SAE 5W-20, 1 Quart,$4.48
Mobil 1 Extended Performance Full Synthetic Motor Oil 0W-20, 1 Quart,$9.67
Mobil Delvac Extreme Heavy Duty Full Synthetic Diesel Engine Oil 15W-40, 1 Gallon,$19.97
Castrol EDGE Extended Performance 5W-30 Advanced Full Synthetic Motor Oil, 5 Quarts,$36.99
Castrol EDGE High Mileage 5W-20 Advanced Full Synthetic Motor Oil, 5 Quarts,$24.72
Pennzoil Platinum High Mileage Full Synthetic 5W-20 Motor Oil, 5 Quart,$23.92
Castrol EDGE 0W-20 Advanced Full Synthetic Motor Oil, 5 Quarts,$24.72
N/A,N/A
Royal Purple High Performance Motor Oil 5W-20 Premium Synthetic Motor Oil, 5 Quarts,$33.78
Chevron Havoline High Mileage Synthetic Technology Motor Oil 5W-20, 6 Quart Smart Change Box,$20.68
Super Tech All Mileage Synthetic Blend Motor Oil SAE 10W-30, 5 Quarts,$17.36
Super Tech Advanced Full Synthetic Motor Oil SAE 5W-20, 5 Quarts,$19.98
Quaker State High Mileage 5W-30 Gasoline Engine Oil, 5 Quart,$18.82
Super Tech Heavy Duty SAE 15W-40 Motor Oil, 1 Gallon,$13.47
Chevron Havoline Lifelong 5W-30 Full Synthetic Motor Oil, 6 Quarts (Smart Change Box),$24.97
Pennzoil Ultra Platinum Full Synthetic 5W-30 Motor Oil, 5 Quart,$29.44
Castrol EDGE Euro 5W-40 A3/B4 Advanced Full Synthetic Motor Oil, 5 Quarts,$24.72
Valvoline Advanced Full Synthetic Motor Oil SAE 0W-20,$26.97
Castrol GTX High Mileage 5W-30 Synthetic Blend Motor Oil, 1 Quart,$6.48
Mobil 1 Extended Performance Full Synthetic Motor Oil 0W-20, 5 Quart (Pack of 3),$89.88
Mobil 1 ESP X2 Full Synthetic Motor Oil 0W-20, 5 Quart,$27.97
Castrol EDGE High Mileage 5W-30 Advanced Full Synthetic Motor Oil, 5 Quarts,$24.72
Castrol EDGE High Mileage 10W-30 Advanced Full Synthetic Motor Oil, 5 Quarts,$24.72
Royal Purple High Performance Motor Oil 5W-30 Premium Synthetic Motor Oil, 5 Quarts,$33.78
Mobil 1 Advanced Full Synthetic Motor Oil 5W-20, 12 Quart,$59.00
Valvoline Restore  Protect Full Synthetic Motor Oil SAE 5W-20,$29.97
Pennzoil Platinum High Mileage Full Synthetic 5W-20 Motor Oil, 1 Quart,$7.48
Castrol EDGE High Mileage 5W-30 Advanced Full Synthetic Motor Oil, 5 Quarts,$24.72
Mobil 1 Hybrid Full Synthetic Motor Oil 0W-20, 5 Quart,$25.97
Quaker State Full Synthetic 0W-20 Motor Oil, 5-Quart,$22.97
Castrol EDGE 0W-20 Advanced Full Synthetic Motor Oil, 1 Quart,$8.48
Mobil 1 FS European Car Formula Full Synthetic Motor Oil 0W-40, 5 Quart (Pack of 3),$83.88
Shell Rotella T6 15W-40 Diesel Engine Oil, 2.5 Gallon,$63.00
Super Tech Conventional SAE HD-30 Motor Oil, 1 Quart,$4.48
Mobil Delvac 1300 Super Heavy Duty Premium Synthetic Blend Diesel Engine Oil 15W-40, 1 Gallon,$14.42
Mobil 1 Extended Performance High Mileage Full Synthetic Motor Oil 0W-20, 5 Quart (3 Pack),$80.88
Royal Purple High Performance Motor Oil 0W-20 Premium Synthetic Motor Oil, 5 Quarts,$33.78
Mobil 1 Advanced Full Synthetic Motor Oil 5W-30, 1 Quart,$8.78
Super Tech Advanced Full Synthetic Motor Oil SAE 5W-30, 1 Quart,$5.66
Super Tech High Mileage Full Synthetic SAE 10W-30 Motor Oil, 1 Quart,$4.98
Castrol EDGE 5W-20 Advanced Full Synthetic Motor Oil, 5 Quarts,$22.81
Castrol GTX 5W-20 Synthetic Blend Motor Oil, 5 Quarts,$22.96
Chevron Havoline Lifelong 5W-20 Full Synthetic Motor Oil, 6 Quarts (Smart Change Box),$24.97
Valvoline VR1 Racing 10W-30 Motor Oil 5 QT,$26.97
Briggs & Stratton 4-Cycle 48 oz Small Engine Oil SAE-30,$14.26
Motorcraft Synthetic Blend Motor Oil 5w30,$25.82
Pennzoil Platinum Full Synthetic 0W-20 Motor Oil, 5 Quart,$23.78
Pennzoil Platinum Full Synthetic 5W-30 Motor Oil, 5 Quart,$23.92
Pennzoil Platinum Full Synthetic 0W-16 Motor Oil, 5 Quart,$26.44
Castrol GTX High Mileage 5W-30 Synthetic Blend Motor Oil, 5 Quarts,$22.96
Mobil 1 Advanced Fuel Economy Full Synthetic Motor Oil 0W-20, 5 Quart (Pack of 3),$83.88
Mobil Delvac 1300 Super Heavy Duty Synthetic Blend Diesel Engine Oil 15W-40, 5 Gal,$69.00
Super Tech Full Synthetic SAE 10W-30 Motor Oil, 1 Quart,$4.98
Super Tech Advanced Full Synthetic Motor Oil SAE 10W-30, 5 Quarts,$19.98
Castrol GTX Full Synthetic 5W-30 Motor Oil, 5 Quarts,$23.96
Castrol EDGE High Mileage 5W-30 Advanced Full Synthetic Motor Oil, 1 Quart,$8.48
Pennzoil Platinum High Mileage Full Synthetic 5W-20 Motor Oil, 5 Quart,$23.92
Castrol EDGE 0W-20 Advanced Full Synthetic Motor Oil, 5 Quarts,$24.72
N/A,N/A
Delo 400 XLE SB Synthetic Blend SAE 15W-40 Heavy-Duty Diesel Motor Oil 1 Gallon,$13.93
Castrol GTX 5W-30 Synthetic Blend Motor Oil, 5 Quarts,$22.96
Pennzoil Ultra 0W40 Full Synthetic Motor Oil Case Of 6 SRT Engines Fast Shipping,$57.95
Quaker State Ultimate Protection Full Synthetic 5W-20 Gasoline Engine Oil, 5 Quart,$21.48
Mobil 1 High Mileage Full Synthetic Motor Oil 0W-20, 5 Quart (Pack of 3),$83.88
Valvoline High Mileage MaxLife 5W-20 Synthetic Blend Motor Oil 1 QT,$5.48
Castrol EDGE 5W-20 Advanced Full Synthetic Motor Oil, 5 Quarts,$22.81
Super Tech TC-W3 Outboard 2 Cycle Engine Oil, 1 Gallon,$21.43
Castrol EDGE Euro 5W-40 A3/B4 Advanced Full Synthetic Motor Oil, 5 Quarts,$24.72
Valvoline Advanced Full Synthetic Motor Oil SAE 0W-20,$26.97
Quaker State All Mileage 5W-20 Gasoline Engine Oil, 5 Quart,$20.14
Pennzoil 5W-20 Gasoline Engine Oil, 5 Quart,$34.98
Castrol GTX High Mileage 5W-20 Synthetic Blend Motor Oil, 5 Quarts,$22.96
Castrol GTX 20W-50 Conventional Motor Oil, 5 Quarts,$22.96
Pennzoil Platinum Euro L Full Synthetic 5W-30 Motor Oil, 5 Quart,$26.44
Valvoline European Vehicle Full Synthetic Motor Oil SAE 5W-40,$26.97
Mobil 1 Advanced Fuel Economy Full Synthetic Motor Oil 0W-20, 1 Quart (Pack of 6),$43.48
Valvoline Extended Protection Premium Full Synthetic 0W-20 Motor Oil 5 QT,$28.97
Pennzoil Platinum High Mileage Full Synthetic 5W-20 Motor Oil, 1 Quart,$7.48
Pennzoil Platinum High Mileage Full Synthetic 5W-30 Motor Oil, 5 Quart,$23.92
Chevron Havoline Synthetic Blend Motor Oil 5W-30, 6 Quart Smart Change Box,$20.68
Valvoline Advanced Full Synthetic 0W-20 Motor Oil 1 QT,$7.97
Chevron Havoline High Mileage Synthetic Technology Motor Oil 10W-30, 6 Quart Smart Change Box,$20.68
Mobil 1 Advanced Fuel Economy Full Synthetic Motor Oil 0W-20, 12 Quart,$59.00
Super Tech Full Synthetic SAE 5W-20 Motor Oil, 1 Quart,$4.98
Valvoline Extended Protection Premium Full Synthetic 5W-20 Motor Oil 5 QT,$28.97
Castrol EDGE Euro 5W-30 A3/B4 Advanced Full Synthetic Motor Oil, 5 Quarts,$24.72
Castrol EDGE 0W-20 Advanced Full Synthetic Motor Oil, 5 Quarts,$24.72
Castrol GTX High Mileage 5W-20 Synthetic Blend Motor Oil, 1 Quart,$6.48
Super Tech All Mileage Synthetic Blend Motor Oil SAE 20W-50, 5 Quarts,$17.36
Briggs & Stratton 5W-30 Synthetic Oil, 18 oz.,$7.98
Mobil 1 ESP X2 Full Synthetic Motor Oil 0W-20, 1 Quart,$8.78
Mobil 1 Extended Performance Full Synthetic Motor Oil 10W-30, 5 Quart,$26.97
Castrol EDGE High Mileage 5W-20 Advanced Full Synthetic Motor Oil, 1 Quart,$8.48
Pennzoil Platinum High Mileage Full Synthetic 0W-20 Motor Oil, 1 Quart,$7.48
Valvoline Advanced Full Synthetic 0W-20 Motor Oil, 12 QT,$58.00
Mobil 1 Extended Performance Full Synthetic Motor Oil 5W-20, 5 Quart,$26.97
Super Tech Universal 2 Cycle Engine Oil, 8 oz Bottle,$1.84
Pennzoil Platinum Full Synthetic 0W-20 Motor Oil, 5 Quart,$23.78
Pennzoil Platinum Full Synthetic 5W-30 Motor Oil, 5 Quart,$23.92
Pennzoil Platinum Full Synthetic 0W-16 Motor Oil, 5 Quart,$26.44
Castrol GTX High Mileage 5W-30 Synthetic Blend Motor Oil, 5 Quarts,$22.96
Quaker State Euro Full Synthetic 5W-40, 5 Quart,$22.97
Pennzoil Full Synthetic 5W-30 Motor Oil, 5 Quart,$23.78
Quaker State High Mileage Full Synthetic Dexos 0W-20 Gasoline Engine Oil, 5 Quart,$22.97
Valvoline Full Synthetic High Mileage MaxLife 0W-20 Motor Oil 1 QT,$7.97
Super Tech All Mileage Synthetic Blend Motor Oil SAE 10W-40, 1 Quart,$4.48
Shell Rotella T6 15W-40 Diesel Engine Oil, 5 Gallon,$123.00
Pennzoil Platinum High Mileage Full Synthetic 5W-20 Motor Oil, 5 Quart,$23.92
Castrol EDGE 0W-20 Advanced Full Synthetic Motor Oil, 5 Quarts,$24.72
N/A,N/A
Pennzoil Full Synthetic 0W-20 Motor Oil, 5 Quart,$23.78
Castrol EDGE 5W-30 Advanced Full Synthetic Motor Oil, 5 Quarts,$24.72
Mobil 1 FS European Car Formula Full Synthetic Motor Oil 5W-40, 5 Quart (Pack of 3),$83.88
Quaker State Ultimate Protection Full Synthetic 5W-30 Gasoline Engine Oil, 5 Quart,$23.98
Motorcraft Motor Oil, 15W40, 5 qt,$25.16
VP Racing Fuels Outdoor Power Equipment 2-Cycle Full Synthetic Small Engine Oil 16 oz - 2907,$9.48
Valvoline Full Synthetic High Mileage with MaxLife Technology SAE 5W-20 Motor Oil 1 QT,$7.97
Mobil 1 High Mileage Full Synthetic Motor Oil 5W-30, 5 Quart (Pack of 3),$83.88
Castrol EDGE Euro 5W-40 A3/B4 Advanced Full Synthetic Motor Oil, 5 Quarts,$24.72
Valvoline Advanced Full Synthetic Motor Oil SAE 0W-20,$26.97
Super Tech All Mileage Synthetic Blend Motor Oil SAE 10W-40, 5 Quarts,$17.36
Shell Rotella T5 10W-30 Diesel Engine Oil, 1 Gallon,$39.90
Valvoline Full Synthetic High Mileage 5W-20 Motor Oil, 12 QT,$58.00
Super Tech High Mileage Full Synthetic SAE 10W-30 Motor Oil, 5 Quarts,$18.64
Valvoline VR1 Racing Motor Oil SAE 20W-50,$26.97
Mobil 1 Advanced Full Synthetic Motor Oil 15W-50, 5 Quart,$24.97
Castrol EDGE High Mileage 10W-30 Advanced Full Synthetic Motor Oil, 5 Quarts,$24.72
Castrol GTX 10W-30 Conventional Motor Oil, 1 Quart,$6.68
Pennzoil Platinum High Mileage Full Synthetic 5W-20 Motor Oil, 1 Quart,$7.48
Pennzoil Platinum High Mileage Full Synthetic 5W-30 Motor Oil, 5 Quart,$23.92
Mobil Delvac 1300 Super Heavy Duty Premium Synthetic Blend Diesel Engine Oil 15W-40, 2.5 Gallon,$36.24
Valvoline Full Synthetic Extended Protection High Mileage 0W-20 Motor Oil, 5QT,$28.97
Chevron Havoline Synthetic Blend Motor Oil 5W-20, 6 Quart, Smart Change Box,$20.68
Quaker State All Mileage 5W-30 Gasoline Engine Oil, 1 Quart,$4.86
Castrol GTX High Mileage 10W-30 Synthetic Blend Motor Oil, 1 Quart,$6.68
Chevron Havoline Lifelong 0W-20 Full Synthetic Motor Oil, 6 Quarts (Smart Change Box),$24.97
Mobil 1 Extended Performance High Mileage Full Synthetic Motor Oil 0W-20, 1 Quart,$9.67
Mobil 1 High Mileage Full Synthetic Motor Oil 10W-40, 5 Quart,$24.97
Briggs & Stratton 100005 SAE 30W 4-Cycle Engine Oil, 18 oz. Bottle,$3.58
Valvoline Advanced Full Synthetic 10W-30 Motor Oil 5 QT,$26.97
Quaker State All Mileage 5W-30 Gasoline Engine Oil, 5 Quart,$20.14
Quicksilver Premium 2-Stroke Engine Oil for Outboards, PWCs, Snowmobiles and Motorcycles, 1 Gallon,$38.14
Mobil Delvac 1300 Super Heavy Duty Synthetic Blend Diesel Engine Oil 15W-40, 1 Gallon (Pack of 4),$90.90
Super Tech Full Synthetic SAE 10W-30 Motor Oil, 5 Quarts,$18.64
Mobil 1 Advanced Fuel Economy Full Synthetic Motor Oil 0W-16, 5 Quart (Pack of 3),$83.88
Royal Purple High Performance Motor Oil 5W-30 Premium Synthetic Motor Oil, 2.25 lbs, Universal, 1 Quart,$10.88
Castrol GTX High Mileage 10W-40 Synthetic Blend Motor Oil, 1 Quart,$6.48
Castrol GTX High Mileage 5W-30 Synthetic Blend Motor Oil, 5 Quarts,$22.96
